﻿<?xml version="1.0" encoding="utf-8"?>
<Windows>
<!-- 进度 -->
  <VerticalLayout >
 	<!-- 
    <ImageShow images="images\banner1.png images\banner3.png" padding="40,10,0,0" imagecount="2" elapse="1500" loop="true" width="480" height="260" />
	-->
	<AnimationTabLayout padding="40,10,0,0" width="480" height="260" elapse="3000" animation_count="30" animation_elapse="10">
	<VerticalLayout bkimage="file='images\banner1.png' dest='138,0,480,260'">
		<Label font="2" padding="10,100,0,0" width="280" text="极速高效" msgid="msg.rotate_title1" textcolor="#FF27EAFF" />
		<Label font="1" padding="10,0,0,0" width="380" text="极速渲染最高线程可达192渲染" msgid="msg.rotate_subtitle1_1" textcolor="#FFFFFFFF" />
		<Label font="1" padding="10,0,0,0" width="380" text="相当约i7-8核机同时渲染" msgid="msg.rotate_subtitle1_2" textcolor="#FFFFFFFF" />
	</VerticalLayout>
	<VerticalLayout bkimage="file='images\banner3.png' dest='138,0,480,260'">
		<Label font="2" padding="10,100,0,0" width="280" text="极致简约" msgid="msg.rotate_title2" textcolor="#FF27EAFF" />
		<Label font="1" padding="10,0,0,0" width="380" text="提升制图效率10倍" msgid="msg.rotate_subtitle2_1" textcolor="#FFFFFFFF" />
		<Label font="1" padding="10,0,0,0" width="380" text="超30W+素材免费下载" msgid="msg.rotate_subtitle2_2" textcolor="#FFFFFFFF" />
	</VerticalLayout>
	</AnimationTabLayout>
		
	<Slider name="slrProgress" padding="20,15,20,0" height="8" value="1" min="0" max="100" mouse="false" forecolor="0xFF44D7B6" forecolor2="0xFF0091FF" thumbsize="0,0" bkcolor="#33FFFFFF"  />
	<HorizontalLayout height="20" padding="20,7,20,0">
	<Label font="0" name="progress_tip" width="400" textcolor="#ffffffff" msgid="msg.installing" text="正在安装" />
	<Control />
	<Label font="0" name="progress_pos" width="60" text="50%" align="right" textcolor="#ffffffff" />
	</HorizontalLayout>
	
	
	</VerticalLayout >
</Windows>