﻿<?xml version="1.0" encoding="utf-8"?>
<Window size="560,350" sizebox="0,0,0,0" roundcorner="3,3" caption="0,0,0,560" showshadow="true" shadowimage="images/shadow.png" shadowsize="14" shadowcorner="14,14,14,14">
  <Font shared="true" id="0" name="Microsoft YaHei" size="12" bold="false" default="true" />
  <Font shared="true" id="1" name="Microsoft YaHei" size="14" bold="false" />
  <Font shared="true" id="2" name="Microsoft YaHei" size="24" bold="false" />
  <Font shared="true" id="3" name="Microsoft YaHei" size="16" bold="false" />
  <Font shared="true" id="4" name="Microsoft YaHei" size="20" bold="false" />
  <Font shared="true" id="5" name="Microsoft YaHei" size="14" bold="true" />
<Include source="default.xml" />
  <VerticalLayout>  
	  <VerticalLayout bkimage="images/bg2.png">
		<TabLayout name="wizardTab"  >		
			<Include source="configpage.xml" />
			<Include source="licensepage.xml" />
			<Include source="installingpage.xml" />
			<Include source="finishpage.xml" />
			<Include source="uninstallpage.xml" />
			<Include source="uninstallingpage.xml" />
			<Include source="uninstallfinishpage.xml" />
		</TabLayout>
	
		<HorizontalLayout float="true" pos="0,5,560,30" >
				<Label name="title" visible="true" padding="10,5,0,0" textpadding="20,1,0,0" textcolor="#FFFFFFFF" text="客户端平台" bkimage="file='images\logo3.png' dest='0,0,16,16'" width="295" height="16" font="0" />
				<Control />
				<Combo padding="10,1,10,0" fong="0" scrollselect="false" visible="false" bkcolor="0x22114CF6" borderround="10,10" name="comboLanguageSelect" width="100" height="25" itemtextcolor="#FF000000" bordervisible="true" align="left"
    textpadding="15,3,0,0" textcolor="#FFBEBEBE" normalimage="file='images/arrow_white.png' dest='80,4,96,20'"
    hotimage="file='images/arrow_white.png' dest='80,4,96,20'"
    pushedimage="file='images/arrow_white.png' dest='80,4,96,20'"
    itemtextpadding="15,0,0,0" itemvalign="vcenter" >		
		<ListLabelElement font="1" height="24" />
        <ListLabelElement font="1" height="24" />
		<ListLabelElement font="1" height="24" />
		<ListLabelElement font="1" height="24" />
        <ListLabelElement font="1" height="24" />
		<ListLabelElement font="1" height="24" />
		<ListLabelElement font="1" height="24" />
        <ListLabelElement font="1" height="24" />
		<ListLabelElement font="1" height="24" />
		<ListLabelElement font="1" height="24" />
        <ListLabelElement font="1" height="24" />
		<ListLabelElement font="1" height="24" />
	</Combo>
	<Button cursor="hand" padding="0,5,0,0"  name="btnMin" width="16" height="16" normalimage="file='images\min_white.png' " hotimage="file='images\min_white_push.png'" pushedimage="file='images\min_white_push.png'" />
	<Button cursor="hand" padding="10,5,10,0" name="btnClose" width="16" height="16" normalimage="file='images\close_white.png' " hotimage="file='images\close_white_push.png'" pushedimage="file='images\close_white_push.png'" />
</HorizontalLayout>	
	</VerticalLayout>
	
  </VerticalLayout>
</Window>
