﻿<?xml version="1.0" encoding="utf-8"?>
<Windows>
   <!-- 安装目录 -->
   <VerticalLayout padding="5,20,5,5"  bkimage="file='images\shadow.png' corner='14,14,14,14'" inset="14,14,14,14" >
	   <VerticalLayout bkcolor="0xFFFFFFFF">
		<Label name="licencetitle" textcolor="0xFF333333" font="5" padding="0,17,0,0" height="19" msgid="msg.licence" align="center" text="服务协议" />
		
		
		<RichEdit padding="20,16,5,0" height="180" name="editLicense" autovscroll="true" vscrollbar="true" readonly="true" textcolor="0xFF000000"  inset="12,12,2,12" bordersize="1"  />
			   
		<HorizontalLayout float="true" pos="0,260,200,276" >
		<CheckBox name="chkAgree1" endellipsis="true" textcolor="0xFF333333" padding="20,0,0,0" width="145" font="0" showhtml="true" msgid="msg.agree1" text="接受<c #0091FF>《用户许可协议》</c>" />
		</HorizontalLayout>	
		
		<HorizontalLayout float="true" pos="434,245,500,275" >
		<Button name="btnBack" text="返回" msgid="msg.back" cursor="hand" font="1" width="66" height="30" bordersize="1" bkcolor="0xFFEDF7FF" bordercolor="0xFFC2E1F9" hotbkcolor="0xFFE0F1FE" pushedbkcolor="0xFFD0E7F9" textcolor="0xFF060300" hottextcolor="0xFF060300" pushedtextcolor="0xFF060300" disabledtextcolor="0xFF060300" textpadding="0,-1,0,0" align="center" />		
		</HorizontalLayout>
		</VerticalLayout>
	</VerticalLayout>
</Windows>