<?xml version="1.0" encoding="utf-8"?>
<Window size="360,180" sizebox="0,0,0,0" roundcorner="2,2" caption="0,0,0,180" showshadow="true" shadowimage="images/shadow.png" shadowsize="14" shadowcorner="14,14,14,14" >
  
  <Font id="0" name="Microsoft YaHei" size="12" bold="false" default="true"/>
  <Font id="1" name="Microsoft YaHei" size="14" bold="true" />
  <Font id="2" name="Microsoft YaHei" size="14" bold="false" />
  <VerticalLayout bkcolor="0xFF243755">
  	<HorizontalLayout height="30">
  	 <Label name="lblTitle" height="12" font="0" padding="10,8,0,0" text="安装" textcolor="#FFFFFFFF" />
	 <Control />
	 <Button cursor="hand" padding="10,10,10,0" name="btnClose" width="16" height="16" normalimage="file='images\close_white.png' " hotimage="file='images\close_white_hover.png'" pushedimage="file='images\close_white_push.png'" />     
  	</HorizontalLayout>
  	<Control height="1" bkcolor="0xFFAAAAAA" />  	
  	<HorizontalLayout padding="50,40,20,0" height="40">
  		<Control bkimage="images\notice.png" padding="0,2,0,0" width="18" height="18"  />
		<RichEdit rich="false" name="lblMsg" padding="6,0,0,0" mouse="false"  height="40" text="卸载未完成，您确定退出卸载程序？" align="left" textcolor="0xFFDDDDDD"/>
  	</HorizontalLayout>
  	
  	<HorizontalLayout padding="0,20,0,0">		
		<Control />
		<Button name="btnCancel" text="取消" cursor="hand" font="2" width="66" height="30" bordersize="1" borderround="3,3" bkcolor="0xFFEDF7FF" bordercolor="0xFFC2E1F9" hotbkcolor="0xFFE0F1FE" pushedbkcolor="0xFFD0E7F9" textcolor="0xFF060300" hottextcolor="0xFF060300" pushedtextcolor="0xFF060300" disabledtextcolor="0xFF060300" textpadding="0,-1,0,0" align="center"/>
  		<Button name="btnOK" text="确定" cursor="hand" padding="10,0,0,0" font="2" width="66" height="30" borderround="3,3" bkcolor="0xFF2979FF" hotbkcolor="0xFF1A66EF" pushedbkcolor="0xFF1057CE" textcolor="0xFFFFFFFF" hottextcolor="0xFFFFFFFF" pushedtextcolor="0xFFFFFFFF" disabledtextcolor="0xFFFFFFFF" textpadding="0,-1,0,0" align="center" />
		<Control />
  	</HorizontalLayout>
  	
  </VerticalLayout>
</Window>