﻿<?xml version="1.0" encoding="utf-8"?>
<Window size="560,400" mininfo="560,400"  sizebox="14,14,14,14" caption="0,0,0,400" bktrans="true">
  <Font id="0" name="Microsoft YaHei" size="12" bold="false" default="true" />
  <Font id="1" name="Microsoft YaHei" size="12" bold="true" />
  <Font id="2" name="Microsoft YaHei" size="24" bold="false" />
  <Font id="3" name="Microsoft YaHei" size="16" bold="false" />
  <Font id="4" name="Microsoft YaHei" size="32" bold="false" />
  <Font id="5" name="Microsoft YaHei" size="14" bold="false" />
  <Font id="6" name="Microsoft YaHei" size="14" bold="true" />
  <Font id="7" name="Microsoft YaHei" size="13" bold="false" />
  <Font id="8" name="Microsoft YaHei" size="18" bold="false" />
  <Font id="9" name="Microsoft YaHei" size="10" bold="false" />
<Include source="default.xml" />
  <VerticalLayout name="mainLayout" bkimage="file='public\bk\bk_shadow.png' corner='14,14,14,14'" inset="14,14,14,14">  	
	<VerticalLayout bkcolor="#FFF3F3F3" >
	<Control height="50" />

   	<Label font="0" textcolor="#FF333333" text="Please enter the info you used when purchasing the template, and click Bind" padding="10,0,0,0" />
	
	<VerticalLayout name="layoutLogin" inset="0,5,0,0">	
	<VerticalLayout height="60" name="binded_layer" padding="0, 10, 0, 10" visible="false">
		<Control />
		<Label font="0" name="bind_info" text="This computer has already been bound." align="left" height="20" padding="20,0,10,0" />
		<Control />
	</VerticalLayout>
	
	
	<HorizontalLayout height="30" name="username_layer">
		<Label font="0" text="Username：" align="right" width="60"  padding="10,0,10,0" />
		<Edit name="editUsername" tipvalue="UserName" tipvaluecolor="#FFA8A8A8" wanttab="false" textpadding="5,5,0,0" font="5" height="30" width="150"  textcolor="0xFF000000" inset="5,2,6,2" autohscroll="false"  bordersize="1" bordercolor="0xFFD1D1D1" focusbordercolor="0x99D1D1D1" wantreturn="false" wantctrlreturn="false" multiline="false" />
		<Button padding="20,0,0,4" name="btnRegister" width="280" height="30" text="If you don't have an account, please click here to register. Contact us to bind template information." textcolor="#FFFFFFFF" disabledtextcolor="#FFDDDDDD" borderround="4,4" bkcolor="#FF62AF01" hotbkcolor="#FF7CC422" pushedbkcolor="#FF62AF01" disabledbkcolor="#FF7CC422" userdata="http://www.ggniu.com/usercenter/login/register.php" />
		<Control />
	</HorizontalLayout>
	<HorizontalLayout height="30" padding="0, 10, 0, 10" name="userpwd_layer">
		<Label font="0" text="Password：" align="right" width="60" padding="10,0,10,0" />
		<Edit password="true" name="editPassword" tipvalue="Password" tipvaluecolor="#FFA8A8A8" wanttab="false" textpadding="5,5,0,0" font="5" height="30" width="150"  textcolor="0xFF000000" inset="5,2,6,2" autohscroll="false"  bordersize="1" bordercolor="0xFFD1D1D1" focusbordercolor="0x99D1D1D1" wantreturn="false" wantctrlreturn="false" multiline="false" />
		
		<Button padding="20,0,0,4" name="btnBind" width="80" height="30" text="Bind" textcolor="#FFFFFFFF" disabledtextcolor="#FFDDDDDD" borderround="4,4" bkcolor="#FF62AF01" hotbkcolor="#FF7CC422" pushedbkcolor="#FF62AF01" disabledbkcolor="#FF7CC422" />
		<Control />
	</HorizontalLayout>

	<Control height="1" bkcolor="0xFFD1D1D1" />
	<Label font="0" name="msgNotice" textcolor="#FF333333" text="" padding="10,10,0,5" />
	<Control height="1" bkcolor="0xFFD1D1D1" />
	<HorizontalLayout padding="0,5, 0, 0">
		<Label font="0" text="Contact us: " align="right" width="80"  padding="10,0,10,0" />
		<Control name="contact_us" width="150" height="150" bkimage="public\skype.jpg" />
	</HorizontalLayout>
   </VerticalLayout>
	
   <VerticalLayout float="true" visible="false" bkcolor="#66BBBBBB" pos="0,0,10000,10000" name="layer" >
		<Label name="msgInfo" width="128" padding="160,165,0,0" text="Loading..." textcolor="#FF999999" font="0" align="center" />
   </VerticalLayout>  
   
   <VerticalLayout float="true" visible="false" bkcolor="#66000000" pos="0,0,10000,10000" name="errorLayer" >
		<VerticalLayout padding="100,130,0,0" width="330" height="90" bordersize="1" bkcolor1="#FFFFFFFF" bkcolor2="#FFdddddd" bordercolor="0xFFD1D1D1" >
			<HorizontalLayout height="20"  bkcolor="#DD00DDDD">
			<Label width="128" padding="10,1,0,0" text="Notice" textcolor="#FF666666" font="0" />
			<Control />
			<Button padding="0,1,1,1" name="hideError" width="20" height="20" normalimage="file='public\button\btn_wnd_white_close.png'  dest='4,4,16,16'" hotimage="file='public\button\btn_wnd_close_hovered.png'" pushedimage="file='public\button\btn_wnd_close_pushed.png'" />
			</HorizontalLayout>
			<HorizontalLayout height="60" padding="0,5,0,0">
			<Control padding="10,10,0,0" width="22" height="22" bkimage="form/infor.png" />
			<RichEdit mouse="false" vaglin="middle" name="errorInfo" padding="10,10,5,0" height="50" text="" textcolor="#FFFF0000" font="0" />		
			</HorizontalLayout>
				
		</VerticalLayout>
   </VerticalLayout>
  </VerticalLayout>
  
	<Include source="titlebar.xml" />
	
 </VerticalLayout>
</Window>
